{"cameraMode":{"drawMode":0,"name":"Shaded","section":"Shading Mode"},"sceneLighting":true,"audioPlay":false,"sceneViewState":{"m_AlwaysRefresh":false,"showFog":true,"showSkybox":true,"showFlares":true,"showImageEffects":true,"showParticleSystems":true,"showVisualEffectGraphs":true,"m_FxEnabled":true},"in2DMode":false,"pivot":{"x":-0.4763672351837158,"y":2.3533778190612795,"z":2.1264820098876955},"rotation":{"x":-0.06157992407679558,"y":0.8222143650054932,"z":-0.09065169095993042,"w":-0.5585315823554993},"size":1.6646971702575684,"orthographic":false}